visualstudio-microsoft[.] com   ,   CobaltStrike
s3-microsoft[.] com   ,   CobaltStrike
s3bucket-azure[.] online   ,   CobaltStrike
msn-microsoft[.] org   ,   CobaltStrike
xtools[.] lol   ,   CobaltStrike
trendmicrotech[.] com   ,   CobaltStrike
s3cloud-azure[.] com   ,   CobaltStrike
s2cloud-amazon[.] com   ,   CobaltStrike
krislab[.] site   ,   CobaltStrike
ee28b3137d65d74c0234eea35fa536af   ,   StormBamboo
4c8a326899272d2fe30e818181f6f67f   ,   StormBamboo
e8e4a3fa69173a46cdb60c53877c7ad557accc51   ,   StormBamboo
acfc69c743b733dd80c1d551ae01172b   ,   StormBamboo
84875b2cf9f8c778ff1462ef478918b4ac964afe   ,   StormBamboo
25e4eef79ad4126d5dc5567949848070   ,   StormBamboo
37ee872f05a0273446dc7e2539b9dbf9bf7d80b4   ,   StormBamboo
6abf9a7926415dc00bcb482456cc9467   ,   StormBamboo
c68e86985a4cb2f69e16fb943723af63833859b3   ,   StormBamboo
4958ede3b968ad464c983054479bf4d2   ,   StormBamboo
68853cafd395edd08cd38ab6100c58e291a3a3d7   ,   StormBamboo
66346b3d841dc56a387f48b4dfba96083c37ec2e   ,   StormBamboo
17aebd011dcd3e7c11484c2f98fa0901c2ea1325fdd6c03904d30ebfc8747a99   ,   StormBamboo
038bc60a0bf004e9a7cbc3a3cf814613e61ba7cc   ,   StormBamboo
3f76933e053b2e8e3458f2e69d72e10b6b6a97fb8ba0f0300aa415b99c032aea   ,   StormBamboo
bb030c405f33557bc5441165a0f8bf9a6d5a82a6   ,   StormBamboo
4f3d35f4f8b810362cbd4c59bfe5a961e559fe5713c9478294ccb3af2d306515   ,   StormBamboo
d14431e79dc109d7aad91a5411d406c99ffc524c   ,   StormBamboo
b76a9034e9abc7a62171e80f9d1f7fdf565cda286bd10fd3984eae769113c8c5   ,   StormBamboo
b77bcfb036f5a6a3973fdd68f40c0bd0b19af1246688ca4b1f9db02f2055ef9d   ,   StormBamboo
806eabfa6ee245eaaf817c0336e07982fffc42efb1f39a2bfb44a5db2c89b126   ,   StormBamboo
7e2e1fba2fabf677d08611a59b03d646a92bb6110182b61adae207c8a88b6d13   ,   StormBamboo
77406e090ad9214942d7ca91ddd09b0435bafe42ffa2512819a7bc6cdec112b8   ,   StormBamboo
07e3b067dc5e5de377ce4a5eff3ccd4e6a2f1d7a47c23fe06b1ededa7aed1ab3   ,   StormBamboo
2a6c10a34fa1e2a38673f4ca20c303a1   ,   StormBamboo
ce5fdde7db4ee41808f9c7d121311f78   ,   StormBamboo
049e8677406de5f0061f3960f9655b5f   ,   StormBamboo
59[.]188[.]69[.]231   ,   StormBamboo
122[.]10[.]89[.]110   ,   StormBamboo
122[.]10[.]90[.]20   ,   StormBamboo
152[.]32[.]159[.]8   ,   StormBamboo
103[.]96[.]130[.]107   ,   StormBamboo
b07c7dfb3617cd40edc1ab309a68489a3aa4aa1e8fd486d047c155c952dc509e   ,   MirrorFace
7a7e7e0d817042e54129697947dfb423b607692f4457163b5c62ffea69a8108d   ,   MirrorFace
9590646b32fec3aafd6c648f69ca9857fb4be2adfabf3bcaf321c8cd25ba7b83   ,   MirrorFace
4f932d6e21fdd0072aba61203c7319693e490adbd9e93a49b0fe870d4d0aed71   ,   MirrorFace
bcd34d436cbac235b56ee5b7273baed62bf385ee13721c7fdcfc00af9ed63997   ,   MirrorFace
2a12:a300:3700::5d9f:b451   ,   MirrorFace
2001:19f0:7001:2ae2:5400:4ff:fe0a:5566   ,   MirrorFace
www[.]morrowadded[.]com   ,   MirrorFace
91[.]245[.]255[.]79   ,   MirrorFace
146[.]70[.]79[.]68   ,   MirrorFace
103[.]143[.]208[.]29   ,   MirrorFace
207[.]148[.]103[.]42   ,   MirrorFace
45[.]77[.]183[.]161   ,   MirrorFace
168[.]100[.]8[.]103   ,   MirrorFace
95[.]85[.]91[.]15   ,   MirrorFace
108[.]160[.]130[.]45   ,   MirrorFace
89[.]233[.]109[.]69   ,   MirrorFace
5e7cd0461817b390cf05a7c874e017e9f44eef41e053da99b479a4dfa3a04512   ,   MirrorFace
572f6b98cc133b2d0c8a4fd8ff9d14ae36cdaa119086a5d56079354e49d2a7ce   ,   MirrorFace
0d59734bdb0e6f4fe6a44312a2d55145e98b00f75a148394b2e4b86436c32f4c   ,   MirrorFace
43349c97b59d8ba8e1147f911797220b1b7b87609fe4aaa7f1dbacc2c27b361d   ,   MirrorFace
93af6afb47f4c42bc0da3eedc6ecb9054134f4a47ef0add0d285404984011072   ,   MirrorFace
2400:8902::f03c:93ff:fe8a:5327   ,   MirrorFace
2a12:a300:3600::31b5:2e02   ,   MirrorFace
minggamevies[.]com   ,   MirrorFace
www[.]lookpumrron[.]com   ,   MirrorFace
91[.]245[.]255[.]30   ,   MirrorFace
103[.]143[.]209[.]36   ,   MirrorFace
103[.]143[.]208[.]115   ,   MirrorFace
207[.]148[.]90[.]45   ,   MirrorFace
45[.]76[.]222[.]130   ,   MirrorFace
64[.]176[.]214[.]51   ,   MirrorFace
207[.]148[.]97[.]235   ,   MirrorFace
45[.]77[.]12[.]212   ,   MirrorFace
45[.]66[.]217[.]106   ,   MirrorFace
hxxps[://]hostalaskapatagonia[.]com/tt/become[.]txt   ,   Nhóm APT VoidBanshee
193.239.86[.]168   ,   Nhóm APT Ghost Emperor
imap.dateupdata[.]com   ,   Nhóm APT Ghost Emperor
bab2ae2788dee2c41065850b2877202e57369f37   ,   Nhóm APT Ghost Emperor
d8ebfd26bed0155e7c4ec2ca429c871d   ,   Nhóm APT Ghost Emperor
a59cca28205eeb94c331010060f86ad2f3d41882   ,   Nhóm APT Ghost Emperor
95e3312de43c1da4cc3be8fa47ab9fa4   ,   Nhóm APT Ghost Emperor
43f1c44fa14f9ce2c0ba9451de2f7d3dd1a208de   ,   Nhóm APT Ghost Emperor
4bb191c6d3a234743ace703d7d518f8f   ,   Nhóm APT Ghost Emperor
185[.]172[.]128[.]95   ,   Nhóm APT VoidBanshee
hxxp[://]h[.]com:8000/test1[.]html   ,   Nhóm APT VoidBanshee
hxxps[://]hostalaskapatagonia[.]com/tt/tedfd[.]te   ,   Nhóm APT VoidBanshee
hxxps[://]cbmelipilla[.]cl/te/hhhh2[.]php   ,   Nhóm APT VoidBanshee
hxxp[://]cbmelipilla[.]cl/te/test1[.]html   ,   Nhóm APT VoidBanshee
hxxps[://]fullgasesspa[.]cl/tet/download[.]php   ,   Nhóm APT VoidBanshee
0d068b6d0523f069d1ada59c12891c4a   ,   Nhóm APT41
hxxps://github[.]com/cmastern   ,   Nhóm APT Kimsuky
hxxps://raw.githubusercontent[.]com/HelperDav/Web/main/update.xml   ,   Nhóm APT Kimsuky
hxxps://onewithshare.blogspot[.]com/2023/04/10.html   ,   Nhóm APT Kimsuky
hxxps://webman.w3school.cloudns[.]nz   ,   Nhóm APT Kimsuky
hxxp://ney.r-e[.]kr/mar/tys.php   ,   Nhóm APT Kimsuky
hxxp://ney.r-e[.]kr/mar/tys.txt   ,   Nhóm APT Kimsuky
hxxp://sdfa.liveblog365[.]com/ares/babyhades.txt   ,   Nhóm APT Kimsuky
hxxp://sdfa.liveblog365[.]com/ares/hades.txt   ,   Nhóm APT Kimsuky
38e27983c757374d9bae36a2e2520e8e   ,   Nhóm APT Kimsuky
bba3b15bad6b5a80ab9fa9a49b643658   ,   Nhóm APT Kimsuky
185[.]172[.]128[.]95   ,   nhóm APT Void Banshee
hxxp[://]h[.]com:8000/test1[.]html   ,   Nhóm APT Void Banshee
hxxps[://]hostalaskapatagonia[.]com/tt/become[.]txt   ,   Nhóm APT Void Banshee
hxxps[://]hostalaskapatagonia[.]com/tt/tedfd[.]te   ,   Nhóm APT Void Banshee
hxxps[://]cbmelipilla[.]cl/te/hhhh2[.]php   ,   Nhóm APT Void Banshee
hxxp[://]cbmelipilla[.]cl/te/test1[.]html   ,   nhóm APT Void Banshee
hxxps[://]fullgasesspa[.]cl/tet/download[.]php   ,   nhóm APT Void Banshee
f062183da590aba5e911d2392bc29181   ,   Nhóm APT41
bc85062de0f70afd44bb072b0b71a8cc   ,   Nhóm APT41
4141c4b827ff67c180096ff5f2cc1474   ,   Nhóm APT41
0d068b6d0523f069d1ada59c12891c4a   ,   Nhóm APT41
294cc02db5a122e3a1bc4f07997956da   ,   Nhóm APT41
d72f202c1d684c9a19f075290a60920f   ,   Nhóm APT41
b3067f382d70705d4c8f6977a7d7bee4   ,   Nhóm APT41
393065ef9754e3f39b24b2d1051eab61   ,   Nhóm APT41
bcac2cbda36019776d7861f12d9b59c4   ,   Nhóm APT41
f0953ed4a679b987a2da955788737602   ,   Nhóm APT41
72070b165d1f11bd4d009a81bf28a3e5   ,   Nhóm APT41
hxxps://onewithshare.blogspot[.]com/2023/04/10.html   ,   APT Kimsuky
hxxps://webman.w3school.cloudns[.]nz   ,   APT Kimsuky
hxxp://ney.r-e[.]kr/mar/tys.php   ,   APT Kimsuky
hxxp://ney.r-e[.]kr/mar/tys.txt   ,   APT Kimsuky
hxxp://sdfa.liveblog365[.]com/ares/babyhades.txt   ,   APT Kimsuky
hxxp://sdfa.liveblog365[.]com/ares/hades.txt   ,   APT Kimsuky
38e27983c757374d9bae36a2e2520e8e   ,   APT Kimsuky
bba3b15bad6b5a80ab9fa9a49b643658   ,   APT Kimsuky
165.154.135.108   ,   APT UNC3886
89.44.197.74   ,   APT Crimson Palace
195.123.247.50   ,   APT Crimson Palace
185.195.237.121   ,   APT Crimson Palace
195.123.245.79   ,   APT Crimson Palace
msudapis.info   ,   APT Crimson Palace
185.167.116.30   ,   APT Crimson Palace
139.162.18.97   ,   APT Crimson Palace
64.176.50.42   ,   APT Crimson Palace
139.180.217.105   ,   APT Crimson Palace
198.13.47.158   ,   APT Crimson Palace
scancenter.trendrealtime.com   ,   APT Crimson Palace
172.67.130.71   ,   APT Crimson Palace
104.21.3.57   ,   APT Crimson Palace
associate.feedfoodconcerning.info   ,   APT Crimson Palace
154.39.137.29   ,   APT Crimson Palace
associate.freeonlinelearning.com   ,   APT Crimson Palace
message.ooguy.com   ,   APT Crimson Palace
158.247.241.188   ,   APT Crimson Palace
45.130.229.181   ,   APT Crimson Palace
185.195.237.123   ,   APT Crimson Palace
45.90.58.103   ,   APT Crimson Palace
185.82.217.164   ,   APT Crimson Palace
associate.freeonlinelearningtech.com   ,   APT Crimson Palace
147.139.47.141   ,   APT Crimson Palace
91.220.202.143   ,   APT Crimson Palace
146.190.93.250   ,   APT Crimson Palace
www.googlespeedtest33.com   ,   APT Crimson Palace
185.201.8.187   ,   APT Crimson Palace
hxxp://mega.vlvlvlvl[.]site/ Vanban_8647.PDF_update.hta   ,   APT Mustang Panda
hxxp://mega.vlvlvlvl[.]site/HPCustPartUI.dll   ,   APT Mustang Panda
hxxp://payment.tripadviso[.]online/tempdata.dat   ,   APT Mustang Panda
hxxp://megacybernews[.]com/newrun.ps1   ,   APT Mustang Panda
hxxp://megacybernews[.]com/stage2.2.ps1   ,   APT Mustang Panda
hxxp://megacybernews[.]com/book.dll   ,   APT Mustang Panda
hxxp://megacybernews[.]com/wwlib.dll   ,   APT Mustang Panda
payment.tripadviso[.]online   ,   APT Mustang Panda
megacybernews[.]com   ,   APT Mustang Panda
hxxp://mega.vlvlvlvl[.]site/HP.exe   ,   APT Mustang Panda
hxxp://mega.vlvlvlvl[.]site/Vanban_8647.PDF.ps1   ,   APT Mustang Panda
hxxp://vibm[.]vn/init.txt   ,   APT Mustang Panda
hxxp://megacybernews[.]com/getdata.ps1   ,   APT Mustang Panda
hxxp://megacybernews[.]com/checkin.php   ,   APT Mustang Panda
hxxp://megacybernews[.]com/unikey.exe   ,   APT Mustang Panda
mega.vlvlvlvl[.]site   ,   APT Mustang Panda
vibm[.]vn   ,   APT Mustang Panda
8.222.218.20   ,   APT UNC3886
8.222.216.144   ,   APT UNC3886
8.219.131.77   ,   APT UNC3886
8.219.0.112   ,   APT UNC3886
8.210.75.218   ,   APT UNC3886
8.210.103.134   ,   APT UNC3886
47.252.54.82   ,   APT UNC3886
47.251.46.35   ,   APT UNC3886
47.246.68.13   ,   APT UNC3886
47.243.116.155   ,   APT UNC3886
47.241.56.157   ,   APT UNC3886
165.154.134.40   ,   APT UNC3886
207.246.64.38   ,   APT UNC3886
149.28.122.119   ,   APT UNC3886
155.138.161.47   ,   APT UNC3886
154.216.2.149   ,   APT UNC3886
103.232.86.217   ,   APT UNC3886
103.232.86.210   ,   APT UNC3886
103.232.86.209   ,   APT UNC3886
58.64.204.165   ,   APT UNC3886
58.64.204.142   ,   APT UNC3886
58.64.204.139   ,   APT UNC3886
165.154.7.145   ,   APT UNC3886
152.32.231.251   ,   APT UNC3886
152.32.205.208   ,   APT UNC3886
152.32.144.15   ,   APT UNC3886
152.32.129.162   ,   APT UNC3886
123.58.207.86   ,   APT UNC3886
123.58.196.34   ,   APT UNC3886
118.193.63.40   ,   APT UNC3886
118.193.61.71   ,   APT UNC3886
118.193.61.178   ,   APT UNC3886
45.77.106.183   ,   APT UNC3886
45.32.252.98   ,   APT UNC3886
45.77.106.183   ,   UNC3886
8.222.218.20   ,   UNC3886
8.222.216.144   ,   UNC3886
8.219.131.77   ,   UNC3886
8.219.0.112   ,   UNC3886
8.210.75.218   ,   UNC3886
8.210.103.134   ,   UNC3886
47.252.54.82   ,   UNC3886
47.251.46.35   ,   UNC3886
47.246.68.13   ,   UNC3886
47.243.116.155   ,   UNC3886
47.241.56.157   ,   UNC3886
165.154.134.40   ,   UNC3886
207.246.64.38   ,   UNC3886
149.28.122.119   ,   UNC3886
155.138.161.47   ,   UNC3886
154.216.2.149   ,   UNC3886
103.232.86.217   ,   UNC3886
103.232.86.210   ,   UNC3886
103.232.86.209   ,   UNC3886
58.64.204.165   ,   UNC3886
58.64.204.142   ,   UNC3886
58.64.204.139   ,   UNC3886
165.154.7.145   ,   UNC3886
165.154.135.108   ,   UNC3886
152.32.231.251   ,   UNC3886
45.32.252.98   ,   UNC3886
152.32.205.208   ,   UNC3886
152.32.144.15   ,   UNC3886
152.32.129.162   ,   UNC3886
123.58.207.86   ,   UNC3886
123.58.196.34   ,   UNC3886
118.193.63.40   ,   UNC3886
118.193.61.71   ,   UNC3886
118.193.61.178   ,   UNC3886
hxxp://mega.vlvlvlvl[.]site/HP.exe    ,   Mustang Panda
47eb43acdd342d3975000f650cf656d9f0f759780d85f16d806d6b9a70f1be46   ,   Mustang Panda
9375b508e981ed792742f1f3b831ea6647191c261e0d3cd61e60645251ba7df7   ,   Mustang Panda
cd10f98c2dbcc0c8fe3f0ed19efb1b2340f67b1138a55b0bb8d1e3dfb985df51    ,   Mustang Panda
bce44453835ce96e49046ff618749a9533c290504c3d7559b3a63969b9f3ef13    ,   Mustang Panda
57ba7d5093ec54b0223e6a826f6cb5e019a353963ddbac8420036f7374b28f62    ,   Mustang Panda
96cf65bb1ac9735c6a1100944d0f46343bb74f3a3c05bc6282271184b872198e    ,   Mustang Panda
fe721743a87c2f2767c031ccac337c1fb1ae5e92384738dd90c65d3b1617a341   ,   Mustang Panda
0ea669d3ef2ae00f25ccb4fef4805c6fd7f9816c37afb8957b3d4ace065e1d95    ,   Mustang Panda
4c805f281923ffc2214f4fe48f31ea392b13b710969a18ad6b6b561744cd3875    ,   Mustang Panda
968b3de170038522deae02b9b96c45cfc6a5c70fa0ddfaf29320d0d0d36aabfa    ,   Mustang Panda
hxxp://mega.vlvlvlvl[.]site/ Vanban_8647.PDF_update.hta    ,   Mustang Panda
hxxp://mega.vlvlvlvl[.]site/HPCustPartUI.dll    ,   Mustang Panda
hxxp://mega.vlvlvlvl[.]site/Vanban_8647.PDF.ps1    ,   Mustang Panda
hxxp://payment.tripadviso[.]online/tempdata.dat    ,   Mustang Panda
hxxp://vibm[.]vn/init.txt    ,   Mustang Panda
hxxp://megacybernews[.]com/newrun.ps1    ,   Mustang Panda
hxxp://megacybernews[.]com/getdata.ps1    ,   Mustang Panda
hxxp://megacybernews[.]com/stage2.2.ps1    ,   Mustang Panda
hxxp://megacybernews[.]com/checkin.php    ,   Mustang Panda
hxxp://megacybernews[.]com/book.dll    ,   Mustang Panda
hxxp://megacybernews[.]com/unikey.exe    ,   Mustang Panda
hxxp://megacybernews[.]com/wwlib.dll    ,   Mustang Panda
mega.vlvlvlvl[.]site    ,   Mustang Panda
payment.tripadviso[.]online    ,   Mustang Panda
vibm[.]vn    ,   Mustang Panda
megacybernews[.]com    ,   Mustang Panda
api.simpletra[.]com   ,   Nhóm APT Unfading Sea Haze
82.165.158[.]86   ,   Nhóm APT Turla
dns-log.d-n-s.org[.]uk   ,   Nhóm APT Unfading Sea Haze
mail.theworkguyoo[.]com   ,   Nhóm APT Unfading Sea Haze
payroll.mywire[.]org   ,   Nhóm APT Unfading Sea Haze
cdn.g8z[.]net   ,   Nhóm APT Unfading Sea Haze
message.ooguy[.]com   ,   Nhóm APT Unfading Sea Haze
newy.hifiliving[.]com   ,   Nhóm APT Unfading Sea Haze
provider.giize[.]com   ,   Nhóm APT Unfading Sea Haze
upupdate.ooguy[.]com   ,   Nhóm APT Unfading Sea Haze
159.223.78[.]147   ,   Nhóm APT Unfading Sea Haze
192.153.57[.]24   ,   Nhóm APT Unfading Sea Haze
193.149.129[.]128   ,   Nhóm APT Unfading Sea Haze
139.59.107[.]49   ,   Nhóm APT Unfading Sea Haze
mail.simpletra[.]com   ,   Nhóm APT Unfading Sea Haze
bit.kozow[.]com   ,   Nhóm APT Unfading Sea Haze
mail.pcygphil[.]com   ,   Nhóm APT Unfading Sea Haze
linklab.blinklab[.]com   ,   Nhóm APT Unfading Sea Haze
74.50.80[.]35   ,   Nhóm APT Turla
82.223.55[.]220   ,   Nhóm APT Turla
158.220.102[.]80   ,   Nhóm APT Turla
176.57.150[.]252   ,   Nhóm APT Turla
139.162.23[.]113   ,   Nhóm APT Turla
161.97.74[.]237   ,   Nhóm APT Turla
212.57.35[.]174   ,   Nhóm APT Turla
45.79.93[.]87   ,   Nhóm APT Turla
fc.adswt[.]com   ,   Nhóm APT Unfading Sea Haze
auth.bitdefenderupdate[.]com   ,   Nhóm APT Unfading Sea Haze
sopho.kozow[.]com   ,   Nhóm APT Unfading Sea Haze
employee.mywire[.]org   ,   Nhóm APT Unfading Sea Haze
manags.twilightparadox[.]com   ,   Nhóm APT Unfading Sea Haze
spcg.lunaticfridge[.]com   ,   Nhóm APT Unfading Sea Haze
images.emldn[.]com   ,   Nhóm APT Unfading Sea Haze
rest.redirectme[.]net   ,   Nhóm APT Unfading Sea Haze
183[.]136[.]225[.]14   ,   Nhóm APT Muddling Meerkat
183[.]136[.]225[.]45   ,   Nhóm APT Muddling Meerkat
45.61.137[.]109   ,   Nhóm APT Unfading Sea Haze
112.113.112[.]5   ,   Nhóm APT Unfading Sea Haze
164.92.146[.]227   ,   Nhóm APT Unfading Sea Haze
167.71.199[.]105   ,   Nhóm APT Unfading Sea Haze
188.166.224[.]242   ,   Nhóm APT Unfading Sea Haze
api.bitdefenderupdate[.]org   ,   Nhóm APT Unfading Sea Haze
word.emldn[.]com   ,   Nhóm APT Unfading Sea Haze
helpdesk.fxnxs[.]com   ,   Nhóm APT Unfading Sea Haze
dns.g8z[.]net   ,   Nhóm APT Unfading Sea Haze
airst.giize[.]com   ,   Nhóm APT Unfading Sea Haze
news.nevuer[.]com   ,   Nhóm APT Unfading Sea Haze
link.theworkguyoo[.]com   ,   Nhóm APT Unfading Sea Haze
mail.bomloginset[.]com   ,   Nhóm APT Unfading Sea Haze
bitdefenderupdate[.]org   ,   Nhóm APT Unfading Sea Haze
mail.adswt[.]com   ,   Nhóm APT Unfading Sea Haze
152.42.198[.]152   ,   Nhóm APT Unfading Sea Haze
128.199.66[.]11   ,   Nhóm APT Unfading Sea Haze
209.97.167[.]177   ,   Nhóm APT Unfading Sea Haze
128.199.166[.]143   ,   Nhóm APT Unfading Sea Haze
65.109.179[.]67   ,   Nhóm APT Turla
45.33.24[.]145   ,   Nhóm APT Turla
mail.theworkguyoo[.]com   ,   Unfading Sea Haze
linklab.blinklab[.]com   ,   Unfading Sea Haze
dns-log.d-n-s.org[.]uk   ,   Unfading Sea Haze
mail.bomloginset[.]com   ,   Unfading Sea Haze
mail.pcygphil[.]com   ,   Unfading Sea Haze
auth.bitdefenderupdate[.]com   ,   Unfading Sea Haze
bitdefenderupdate[.]org   ,   Unfading Sea Haze
bit.kozow[.]com   ,   Unfading Sea Haze
api.simpletra[.]com   ,   Unfading Sea Haze
mail.adswt[.]com   ,   Unfading Sea Haze
mail.simpletra[.]com   ,   Unfading Sea Haze
fc.adswt[.]com   ,   Unfading Sea Haze
upupdate.ooguy[.]com   ,   Unfading Sea Haze
193.149.129[.]128   ,   Unfading Sea Haze
128.199.66[.]11   ,   Unfading Sea Haze
45.61.137[.]109   ,   Unfading Sea Haze
139.59.107[.]49   ,   Unfading Sea Haze
152.42.198[.]152   ,   Unfading Sea Haze
112.113.112[.]5   ,   Unfading Sea Haze
209.97.167[.]177   ,   Unfading Sea Haze
192.153.57[.]24   ,   Unfading Sea Haze
164.92.146[.]227   ,   Unfading Sea Haze
128.199.166[.]143   ,   Unfading Sea Haze
159.223.78[.]147   ,   Unfading Sea Haze
188.166.224[.]242   ,   Unfading Sea Haze
167.71.199[.]105   ,   Unfading Sea Haze
api.bitdefenderupdate[.]org   ,   Unfading Sea Haze
rest.redirectme[.]net   ,   Unfading Sea Haze
provider.giize[.]com   ,   Unfading Sea Haze
word.emldn[.]com   ,   Unfading Sea Haze
images.emldn[.]com   ,   Unfading Sea Haze
newy.hifiliving[.]com   ,   Unfading Sea Haze
helpdesk.fxnxs[.]com   ,   Unfading Sea Haze
spcg.lunaticfridge[.]com   ,   Unfading Sea Haze
message.ooguy[.]com   ,   Unfading Sea Haze
dns.g8z[.]net   ,   Unfading Sea Haze
manags.twilightparadox[.]com   ,   Unfading Sea Haze
cdn.g8z[.]net   ,   Unfading Sea Haze
airst.giize[.]com   ,   Unfading Sea Haze
employee.mywire[.]org   ,   Unfading Sea Haze
payroll.mywire[.]org   ,   Unfading Sea Haze
news.nevuer[.]com   ,   Unfading Sea Haze
sopho.kozow[.]com   ,   Unfading Sea Haze
link.theworkguyoo[.]com   ,   Unfading Sea Haze
